Illa,Àmbit,Municipi,Localitat,Data,Nom festa
Illes Balears,Autonòmic,Illes Balears,Illes Balears,1 de gener,Cap d’any
Illes Balears,Autonòmic,Illes Balears,Illes Balears,6 de gener,Epifania del Senyor
Illes Balears,Autonòmic,Illes Balears,Illes Balears,2 de març,L’endemà del Dia de les Illes Balears
Illes Balears,Autonòmic,Illes Balears,Illes Balears,2 d’abril,Dijous Sant
Illes Balears,Autonòmic,Illes Balears,Illes Balears,3 d’abril,Divendres Sant
Illes Balears,Autonòmic,Illes Balears,Illes Balears,6 d’abril,Dilluns de Pasqua
Illes Balears,Autonòmic,Illes Balears,Illes Balears,1 de maig,Dia del Treball
Illes Balears,Autonòmic,Illes Balears,Illes Balears,15 d’agost,Assumpció de la Mare de Déu
Illes Balears,Autonòmic,Illes Balears,Illes Balears,12 d’octubre,Festa Nacional
Illes Balears,Autonòmic,Illes Balears,Illes Balears,8 de desembre,Immaculada Conepció
Illes Balears,Autonòmic,Illes Balears,Illes Balears,25 de desembre,Dia de Nadal
Illes Balears,Autonòmic,Illes Balears,Illes Balears,26 de desembre,Segona festa de Nadal
Mallorca,Local,Alaró,Alaró,24 de juny,Sant Joan
Mallorca,Local,Alaró,Alaró,29 de juny,Sant Pere
Mallorca,Local,Alcúdia,Alcúdia,29 de juny,Sant Pere
Mallorca,Local,Alcúdia,Alcúdia,2 de juliol,Mare de Déu de la Victòria
Mallorca,Local,Algaida,Algaida i Randa,16 de gener,Sant Honorat
Mallorca,Local,Algaida,Algaida i Randa,25 de juliol,Sant Jaume
Mallorca,Local,Algaida,Pina,17 de gener,Sant Antoni
Mallorca,Local,Algaida,Pina,26 de setembre,Sant Cosme i Sant Damià
Mallorca,Local,Andratx,Andratx,7 de desembre,7 de desembre
Mallorca,Local,Andratx,Andratx,29 de juny,29 de juny
Mallorca,Local,Andratx,Port d'Andratx,7 de desembre,7 de desembre
Mallorca,Local,Andratx,Port d'Andratx,16 de juliol,Mare de Déu del Carme
Mallorca,Local,Andratx,s'Arracó,7 de desembre,7 de desembre
Mallorca,Local,Andratx,s'Arracó,28 d'agost,Sant Agustí
Mallorca,Local,Ariany,Ariany,31 d'agosto,Segona Festa Patronal
Mallorca,Local,Ariany,Ariany,7 de desembre,Pont de la Immaculada
Mallorca,Local,Artà,Artà,17 de gener,Sant Antoni
Mallorca,Local,Artà,Artà,6 d'agost,Sant Salvador
Mallorca,Local,Artà,Colònia de Sant Pere,17 de gener,Sant Antoni
Mallorca,Local,Artà,Colònia de Sant Pere,29 de juny,Sant Pere
Mallorca,Local,Banyalbufar,Banyalbufar,8 de setembre,8 de setembre
Mallorca,Local,Banyalbufar,Banyalbufar,7 de desembre,7 de desembre
Mallorca,Local,Banyalbufar,Port des Canonge,25 de juliol,Sant Jaume
Mallorca,Local,Banyalbufar,Port des Canonge,7 de desembre,7 de desembre
Mallorca,Local,Binissalem,Binissalem,24 de juliol,Divendres previ a Sant Jaume
Mallorca,Local,Binissalem,Binissalem,25 de setembre,Divendres de Sa Vermada
Mallorca,Local,Búger,Búger,29 de juny,Sant Pere
Mallorca,Local,Búger,Búger,30 de juny,Sant Marçal
Mallorca,Local,Bunyola,Bunyola,21 de setembre,Sant Mateu
Mallorca,Local,Bunyola,Bunyola,25 de novembre,Santa Catalina
Mallorca,Local,Bunyola,Palmanyola,20 de gener,Sant Sebastià
Mallorca,Local,Bunyola,Palmanyola,21 de setembre,Sant Mateu
Mallorca,Local,Bunyola,Orient,23 d'abril,Sant Jordi
Mallorca,Local,Bunyola,Orient,21 de setembre,Sant Mateu
Mallorca,Local,Calvià,Calvià,24 de juny,Sant Joan
Mallorca,Local,Calvià,Calvià,16 de juliol,Verge del Carme
Mallorca,Local,Calvià,es Capdellà,20 de gener,Sant Sebastià
Mallorca,Local,Calvià,es Capdellà,16 de juliol,Verge del Carme
Mallorca,Local,Campanet,Campanet,7 d'abril,7 d'abril
Mallorca,Local,Campanet,Campanet,29 de setembre,Sant Miquel
Mallorca,Local,Campos,Campos,9 de gener,Sant Julià i Santa Basilissa
Mallorca,Local,Campos,Campos,22 d'octubre,Sa Fira
Mallorca,Local,Capdepera,Capdepera,16 de juliol,Mare de Déu del Carme
Mallorca,Local,Capdepera,Capdepera,24 d'agost,Sant Bartomeu
Mallorca,Local,Consell,Consell,24 d'agost,24 d'agost
Mallorca,Local,Consell,Consell,7 de desembre,7 de desembre
Mallorca,Local,Costitx,Costitx,20 de gener,Sant Sebastià
Mallorca,Local,Costitx,Costitx,8 de setembre,La Mare de Déu 
Mallorca,Local,Deià,Deià,20 de gener,Sant Sebastià
Mallorca,Local,Deià,Deià,24 de juny,Sant Joan
Mallorca,Local,Escorca,Escorca,29 de juny,Sant Pere
Mallorca,Local,Escorca,Escorca,10 d'agost,Sant Llorenç
Mallorca,Local,Esporles,Esporles,29 de juny,29 de juny
Mallorca,Local,Esporles,Esporles,7 de desembre,7 de desembre
Mallorca,Local,Estellencs,Estellencs,27 de febrer,27 de febrer
Mallorca,Local,Estellencs,Estellencs,29 d'agost,29 d'agost
Mallorca,Local,Felanitx,Felanitx,20 de juliol,Santa Margalida
Mallorca,Local,Felanitx,Felanitx,28 d'agost,Sant Agustí
Mallorca,Local,Felanitx,Portocolom,16 de juliol,Mare de Déu del Carme
Mallorca,Local,Felanitx,Portocolom,25 de juliol,Sant Jaume
Mallorca,Local,Felanitx,s'Horta,15 de maig,Sant Isidre
Mallorca,Local,Felanitx,s'Horta,25 de maig,Dilluns de Cinquagesma
Mallorca,Local,Felanitx,Cas Concos,17 de gener,Sant Antoni
Mallorca,Local,Felanitx,Cas Concos,10 de setembre,Sant Nicolau
Mallorca,Local,Felanitx,Cala Ferrera,17 de gener,Sant Antoni
Mallorca,Local,Felanitx,Cala Ferrera,15 de maig,Sant Isidre
Mallorca,Local,Fornalutx,Fornalutx,27 de febrer,27 de febrer
Mallorca,Local,Fornalutx,Fornalutx,8 de setembre,8 de setembre
Mallorca,Local,Inca,Inca,30 de juliol,Sant Abdó i Sant Senén
Mallorca,Local,Inca,Inca,20 de novembre,Divendres després de Dijous Bo
Mallorca,Local,Lloret de Vistalegre,Lloret de Vistalegre,7 d'agost,Dia anterior a Sant Domingo
Mallorca,Local,Lloret de Vistalegre,Lloret de Vistalegre,10 de desembre,Mare de Déu de Loreto
Mallorca,Local,Lloseta,Lloseta,8 d'abril,Romeria del Cocó
Mallorca,Local,Lloseta,Lloseta,8 de setembre,Festes patronals
Mallorca,Local,Llubí,Llubí,7 d'abril,7 d'abril
Mallorca,Local,Llubí,Llubí,1 d'agost,1 d'agost
Mallorca,Local,Llucmajor,Llucmajor,19 d'octubre,19 d'octubre
Mallorca,Local,Llucmajor,Llucmajor,29 de setembre,Sant Miquel
Mallorca,Local,Manacor,Manacor,17 de gener,Sant Antoni
Mallorca,Local,Manacor,Manacor,25 de juliol,Sant Jaume
Mallorca,Local,Manacor,Porto Cristo,17 de gener,Sant Antoni
Mallorca,Local,Manacor,Porto Cristo,16 de juliol,Festa del Carme
Mallorca,Local,Mancor de la Vall,Mancor de la Vall,24 de juny,Sant Joan
Mallorca,Local,Mancor de la Vall,Mancor de la Vall,19 de novembre,Dijous Bo
Mallorca,Local,Maria de la Salut,Maria de la Salut,7 de setembre,7 de setembre
Mallorca,Local,Maria de la Salut,Maria de la Salut,8 de setembre,Mare de Déu de la Salut
Mallorca,Local,Marratxí,Marratxí,29 de juny,29 de juny
Mallorca,Local,Marratxí,Marratxí,30 de juny,Sant Marçal
Mallorca,Local,Montuïri,Montuïri,7 d'abril,Dia des Puig - 3a festa de Pasqua
Mallorca,Local,Montuïri,Montuïri,24 d'agost,Sant Bartomeu
Mallorca,Local,Muro,Muro,17 de gener,Sant Antoni
Mallorca,Local,Muro,Muro,24 de juny,Sant Joan
Mallorca,Local,Palma,Palma,20 de gener,Sant Sebastià
Mallorca,Local,Palma,Palma,24 de juny,Sant Joan
Mallorca,Local,Petra,Petra,7 d'abril,Tercera festa de Pasqua
Mallorca,Local,Petra,Petra,21 de juliol,Santa Praxedis
Mallorca,Local,Pollença,Pollença,17 de gener,Sant Antoni
Mallorca,Local,Pollença,Pollença,29 de juny,Sant Pere
Mallorca,Local,Porreres,Porreres,24 de juny,Sant Joan
Mallorca,Local,Porreres,Porreres,17 d'agost,L'endemà de Sant Roc
Mallorca,Local,Puigpunyent,Puigpunyent,8 de setembre,8 de setembre
Mallorca,Local,Puigpunyent,Puigpunyent,31 de desembre,31 de desembre
Mallorca,Local,Sa Pobla,Sa Pobla,17 de gener ,17 de gener 
Mallorca,Local,Sa Pobla,Sa Pobla,20 de juliol,20 de juliol
Mallorca,Local,Sant Joan,Sant Joan,7 d'abril,Dimarts de Paqua
Mallorca,Local,Sant Joan,Sant Joan,24 de juny,Sant Joan Baptista
Mallorca,Local,Sant Llorenç des Cardassar,Sant Llorenç des Cardassar,10 d'agost,Sant Llorenç
Mallorca,Local,Sant Llorenç des Cardassar,Sant Llorenç des Cardassar,8 de setembre,Mare de Déu 
Mallorca,Local,Sant Llorenç des Cardassar,Son Carrió,8 de maig,Sant Miquel
Mallorca,Local,Sant Llorenç des Cardassar,Son Carrió,29 de setembre,Sant Miquelet
Mallorca,Local,Sant Llorenç des Cardassar,"Cala Millor, sa Coma i s'Illot",19 de gener,Després festaSant Antoni
Mallorca,Local,Sant Llorenç des Cardassar,"Cala Millor, sa Coma i s'Illot",11 de setembre,Abans festa Santa Maria
Mallorca,Local,Santa Eugènia,Santa Eugènia,20 d'abril,Es Firó
Mallorca,Local,Santa Eugènia,Santa Eugènia,3 d'agost,Festa Patronal
Mallorca,Local,Santa Margalida,Santa Margalida,20 de juliol,Santa Margalida
Mallorca,Local,Santa Margalida,Santa Margalida,7 de setembre,Dilluns de la Beata
Mallorca,Local,Santa Margalida,Can Picafort,7 de setembre,Dilluns de la Beata
Mallorca,Local,Santa Margalida,Can Picafort,7 de desembre,7 de desembre
Mallorca,Local,Santa Margalida,Son Serra de Marina,20 de juliol,Santa Margalida
Mallorca,Local,Santa Margalida,Son Serra de Marina,7 de setembre,Dilluns de la Beata
Mallorca,Local,Santa Maria del Camí,Santa Maria del Camí,27 d'abril,Es Firó
Mallorca,Local,Santa Maria del Camí,Santa Maria del Camí,20 de juliol,Santa Margalida
Mallorca,Local,Santanyi,Santanyi,3 de març,3 de març
Mallorca,Local,Santanyi,Santanyi,30 de novembre,30 de novembre
Mallorca,Local,Santanyi,S'Alqueria Blanca,3 de març,3 de març
Mallorca,Local,Santanyi,S'Alqueria Blanca,19 de març,19 de març
Mallorca,Local,Santanyi,Porto Petro,19 de març,19 de març
Mallorca,Local,Santanyi,Porto Petro,24 de juny,24 de juny
Mallorca,Local,Santanyi,Calonge,3 de març,3 de març
Mallorca,Local,Santanyi,Calonge,29 de setembre,29 de setembre
Mallorca,Local,Santanyi,Cala d'Or,3 de març,3 de març
Mallorca,Local,Santanyi,Cala d'Or,24 de juny,24 de juny
Mallorca,Local,Santanyi,Es Llombards,16 de gener,16 de gener
Mallorca,Local,Santanyi,Es Llombards,7 d'agost,7 d'agost
Mallorca,Local,Santanyi,Cala Figuera,3 de març,3 de març
Mallorca,Local,Santanyi,Cala Figuera,30 de novembre,30 de novembre
Mallorca,Local,Selva,Selva,10 d'agost,Sant Llorenç
Mallorca,Local,Selva,Selva,19 de novembre,Dijous Bo
Mallorca,Local,Selva,Caimari,19 de novembre,Dijous Bo
Mallorca,Local,Selva,Caimari,20 de novembre,20 de novembre
Mallorca,Local,Selva,Moscari,19 de novembre,Dijous Bo
Mallorca,Local,Selva,Moscari,20 de novembre,20 de novembre
Mallorca,Local,Selva,Biniamar,23 de setembre,Santa Tecla
Mallorca,Local,Selva,Biniamar,19 de novembre,Dijous Bo
Mallorca,Local,Sencelles,Sencelles,5 de febrer,5 de febrer
Mallorca,Local,Sencelles,Sencelles,27 de febrer,27 de febrer
Mallorca,Local,Sencelles,Biniali,27 de febrer,27 de febrer
Mallorca,Local,Sencelles,Biniali,10 de juliol,10 de juliol
Mallorca,Local,Ses Salines,Ses Salines,17 de gener,Sant Antoni
Mallorca,Local,Ses Salines,Ses Salines,24 d'agost,Sant Bartomeu
Mallorca,Local,Ses Salines,Colònia de Sant Jordi,17 de gener,Sant Antoni
Mallorca,Local,Ses Salines,Colònia de Sant Jordi,23 d'abril,Sant Jordi
Mallorca,Local,Sineu,Sineu,25 d'abril,Sant Marc
Mallorca,Local,Sineu,Sineu,14 d'agost,Assumpció de la Mare de Déu (dia previ)
Mallorca,Local,Sóller,Sóller,11 de maig,Es Firó
Mallorca,Local,Sóller,Sóller,24 d'agosto,Sant Bartomeu
Mallorca,Local,Son Servera,Son Servera,17 de gener,17 de gener
Mallorca,Local,Son Servera,Son Servera,24 de juny,24 de juny
Mallorca,Local,Valldemossa,Valldemossa,28 de juliol,Santa Catalina Thomàs
Mallorca,Local,Valldemossa,Valldemossa,24 d'agost,Sant Bartomeu
Mallorca,Local,Vilafranca de Bonany,Vilafranca de Bonany,4 de desembre,4 de desembre
Mallorca,Local,Vilafranca de Bonany,Vilafranca de Bonany,7 de desembre,7 de desembre
Menorca,Local,Alaior,Alaior,17 de febrer,darrer dimarts de Carnaval
Menorca,Local,Alaior,Alaior,30 d'abril,30 d'abril
Menorca,Local,Ciutadella,Ciutadella,17 de gener,Sant Antoni
Menorca,Local,Ciutadella,Ciutadella,24 de juny,Sant Joan
Menorca,Local,Es Castell,Es Castell,17 de gener,17 de gener
Menorca,Local,Es Castell,Es Castell,25 de juliol,25 de juliol
Menorca,Local,Es Mercadal,Es Mercadal,17 de gener,Sant Antoni
Menorca,Local,Es Mercadal,Es Mercadal,11 de novembre,Sant Martí d'hivern
Menorca,Local,Es Mercadal,Fornells,17 de gener,Sant Antoni
Menorca,Local,Es Mercadal,Fornells,16 de juliol,El Carme
Menorca,Local,Es Migjorn Gran,Es Migjorn Gran,17 de febrer,darrer dimarts de Carnaval
Menorca,Local,Es Migjorn Gran,Es Migjorn Gran,10 de juliol,Sant Cristòfol
Menorca,Local,Ferreries,Ferreries,17 de gener,Sant Antoni Abad i Diada del Poble de Menorca
Menorca,Local,Ferreries,Ferreries,24 d'agosto,Sant Bartomeu
Menorca,Local,Maó,Maó,17 de gener,Sant Antoni
Menorca,Local,Maó,Maó,8 de setembre,Mare de Déu de Gràcia
Menorca,Local,Sant Lluís,Sant Lluís,17 de gener,Sant Antoni
Menorca,Local,Sant Lluís,Sant Lluís,8 de setembre,Mare de Déu de Gràcia
Eivissa,Local,Eivissa,Eivissa,5 d'agost,5 d'agost
Eivissa,Local,Eivissa,Eivissa,8 d'agost,8 d'agost
Eivissa,Local,Sant Antoni de Portmany,Parròquia de Sant Antoni,17 de gener,Sant Antoni Abat
Eivissa,Local,Sant Antoni de Portmany,Parròquia de Sant Antoni,24 d'agost,Sant Bartomeu
Eivissa,Local,Sant Antoni de Portmany,Parròquia de Santa Agnès,17 de gener,Sant Antoni Abat
Eivissa,Local,Sant Antoni de Portmany,Parròquia de Santa Agnès,21 de gener,Santa Agnès
Eivissa,Local,Sant Antoni de Portmany,Parròquia de Sant Mateu,17 de gener,Sant Antoni Abat
Eivissa,Local,Sant Antoni de Portmany,Parròquia de Sant Mateu,21 de setembre,Sant Mateu
Eivissa,Local,Sant Antoni de Portmany,Parròquia de Sant Rafel,17 de gener,Sant Antoni Abat
Eivissa,Local,Sant Antoni de Portmany,Parròquia de Sant Rafel,24 d'octubre,Sant Rafel
Eivissa,Local,Sant Joan de Labritja,Sant Joan de Labritja,24 de juny,Sant Joan Bautista
Eivissa,Local,Sant Joan de Labritja,Sant Joan de Labritja,5 d'agost,Festivitat de Santa Maria de les Neus
Eivissa,Local,Sant Joan de Labritja,Sant Vicent de sa Cala,24 de juny,Sant Joan Bautista
Eivissa,Local,Sant Joan de Labritja,Sant Vicent de sa Cala,5 d'agost,Festivitat de Santa Maria de les Neus
Eivissa,Local,Sant Joan de Labritja,Sant Llorenç de Balafia,5 d'agost,Festivitat de Santa Maria de les Neus
Eivissa,Local,Sant Joan de Labritja,Sant Llorenç de Balafia,10 d'agost,Sant Llorenç
Eivissa,Local,Sant Joan de Labritja,Sant Miquel de Balansat,5 d'agost,Festivitat de Santa Maria de les Neus
Eivissa,Local,Sant Joan de Labritja,Sant Miquel de Balansat,29 de setembre,Sant Miquel Arcàgel
Eivissa,Local,Sant Josep de sa Talaia,"Parròquies de Sant Josep de sa Talaia, es Cubells i Sant Agustí des Vedrà",19 de març,Festivitat de Sant Josep
Eivissa,Local,Sant Josep de sa Talaia,"Parròquies de Sant Josep de sa Talaia, es Cubells i Sant Agustí des Vedrà",5 d'agost,Festivitat de Santa Maria
Eivissa,Local,Sant Josep de sa Talaia,Parròquies de Sant Jordi de ses Salines i Sant Francesc de s'Estany ,23 d'abril,Festivitat de Sant Jordi
Eivissa,Local,Sant Josep de sa Talaia,,5 d'agost,Festivitat de Santa Maria
Eivissa,Local,Santa Eulària des Riu,Parròquies de Santa Eulària i Puig d'en Valls,12 de febrer,Festivitat de Santa Eulària des Riu
Eivissa,Local,Santa Eulària des Riu,Parròquies de Santa Eulària i Puig d'en Valls,5 d'agost,Festivitat de Santa Maria de les Neus
Eivissa,Local,Santa Eulària des Riu,Parròquia de Jesús,12 de febrer,Festivitat de Santa Eulària des Riu
Eivissa,Local,Santa Eulària des Riu,Parròquia de Jesús,8 de setembre,Nostra Senyora de Jesús
Eivissa,Local,Santa Eulària des Riu,Parròquia de Sant Carles de Peralta,12 de febrer,Festivitat de Santa Eulària des Riu
Eivissa,Local,Santa Eulària des Riu,Parròquia de Sant Carles de Peralta,4 de novembre,Festivitat de San Carles
Eivissa,Local,Santa Eulària des Riu,Parròquia de Santa Gertrudis de Fruitera,12 de febrer,Festivitat de Santa Eulària des Riu
Eivissa,Local,Santa Eulària des Riu,Parròquia de Santa Gertrudis de Fruitera,5 d'agost,Festivitat de Santa María de les Neus
Formentera,Local,Formentera,Formentera,25 de juliol,"Sant Jaume, Diada de Formentera"
Formentera,Local,Formentera,Formentera,3 de desembre,Sant Francesc Xavier
