date;descripcionEs;descriptionEu;municipalityEs;MunicipalityEu;territory;municipalitycode;latwgs84;lonwgs84
01/01/2026;Año Nuevo;Urteberri eguna;CAE;EAE;Todos/denak;;;
06/01/2026;Epifanía del Señor;Jaunaren epifania;CAE;EAE;Todos/denak;;;
19/03/2026;San José;San Joseren eguna;CAE;EAE;Todos/denak;;;
02/04/2026;Jueves Santo;Ostegun Santua;CAE;EAE;Todos/denak;;;
03/04/2026;Viernes Santo;Ostiral Santua;CAE;EAE;Todos/denak;;;
06/04/2026;Lunes de Pascua de Resurrección;Pazko Astelehena;CAE;EAE;Todos/denak;;;
01/05/2026;Fiesta del Trabajo;Langileen eguna;CAE;EAE;Todos/denak;;;
25/07/2026;Santiago Apóstol;Santiago Apostoluaren eguna;CAE;EAE;Todos/denak;;;
15/08/2026;Asunción de la Virgen;Ama Birjinaren Jasokundea;CAE;EAE;Todos/denak;;;
12/10/2026;Fiesta Nacional de España;Espainiako Jai Nazionala;CAE;EAE;Todos/denak;;;
08/12/2026;Inmaculada Concepción;Ama Birjina Sortzez Garbiaren eguna;CAE;EAE;Todos/denak;;;
25/12/2026;Natividad del Señor;Eguberri eguna;CAE;EAE;Todos/denak;;;
31/07/2026;San Ignacio de Loyola;Loiolako San Inazio;Bizkaia;Bizkaia;Bizkaia;;;
31/07/2026;San Ignacio de Loyola;Loiolako San Inazio;Gipuzkoa;Gipuzkoa;Gipuzkoa;;;
28/04/2026;San Prudencio;San Prudentzio;Álava - Araba;Álava - Araba;Álava - Araba;;;
15/05/2026;San Trokaz;San Trokaz Eguna;Abadiño  ;Abadiño  ;Bizkaia;1.0;43.15;-2.610.278
15/06/2026;San Antonio;San Antonio;Abanto y Ciérvana-Abanto Zierbena ;Abanto y Ciérvana-Abanto Zierbena ;Bizkaia;2.0;43.316.389;-3.083.333
14/05/2026;La Ascensión;Asentzio Eguna;Ajangiz;Ajangiz;Bizkaia;911.0;43.301;-2.671
02/09/2026;San Antolín;San Antolin eguna;Alonsotegi;Alonsotegi;Bizkaia;912.0;43.245.186;-2.988.701
16/07/2026;Ntra. Sra. del Carmen;Karmengo Amaren Eguna;Amorebieta-Etxano  ;Amorebieta-Etxano  ;Bizkaia;3.0;43.226.104;-2.712.628
03/07/2026;San Martín;San Martin;Amoroto  ;Amoroto  ;Bizkaia;4.0;433.285;-25.125
18/07/2026;Santa Marina;Santa Marina Eguna;Arakaldo  ;Arakaldo  ;Bizkaia;5.0;4.314.955;-2.925.086
29/06/2026;San Pedro;San Pedro Eguna;Arantzazu  ;Arantzazu  ;Bizkaia;6.0;43.152.904;-279.043
24/08/2026;San Bartolomé;Bartolome Deuna;Areatza  ;Areatza  ;Bizkaia;93.0;43.121.079;-2.767.771
29/06/2026;San Pedro;San Pedro eguna;Arrankudiaga-Zollo;Arrankudiaga-Zollo;Bizkaia;9.0;43.173.503;-2.917.886
21/12/2026;Santo Tomás;Santo Tomas Eguna;Arratzu;Arratzu;Bizkaia;914.0;43.311.667;-2.638.611
11/11/2026;San Martín;San Martin Eguna;Arrieta  ;Arrieta  ;Bizkaia;10.0;43.340.362;-2.769.799
22/07/2026;Santa María Magdalena;Andra Maria Magdalena;Arrigorriaga;Arrigorriaga;Bizkaia;11.0;4.320.752;-2.887.839
08/09/2026;Fiesta local;Tokiko jai-eguna;Artea  ;Artea  ;Bizkaia;23.0;43.133.718;-2.784.141
02/09/2026;San Antolín;San Antolin Eguna;Artzentales  ;Artzentales  ;Bizkaia;8.0;43.240.556;-3.241.389
29/06/2026;San Pedro;San Pedro;Atxondo  ;Atxondo  ;Bizkaia;91.0;43.130.342;-2.585.079
24/06/2026;San Juan;San Juan Jaia;Aulesti  ;Aulesti  ;Bizkaia;70.0;43.296.084;-2.563.355
29/09/2026;San Miguel Arcángel;San Migel Arkanjel;Bakio  ;Bakio  ;Bizkaia;12.0;43.427.778;-2.811.389
23/10/2026;San Severino;San Severino Eguna;Balmaseda  ;Balmaseda  ;Bizkaia;90.0;43.192.866;-3.196.942
16/07/2026;Nuestra Señora del Carmen;Karmengo Amaren Eguna;Barakaldo  ;Barakaldo  ;Bizkaia;13.0;43.297.222;-2.991.667
24/06/2026;San Juan;San Juan Eguna;Barrika  ;Barrika  ;Bizkaia;14.0;43.406.384;-2.962.425
13/10/2026;San Fausto;San Fausto Eguna;Basauri  ;Basauri  ;Bizkaia;15.0;43.233.333;-2.883.333
24/06/2026;San Juan Bautista;San Juan Bautista Eguna;Bedia  ;Bedia  ;Bizkaia;92.0;43.209.374;-2.804.965
27/07/2026;Santa Ana;Santa Ana Jaia;Berango;Berango;Bizkaia;16.0;43.365.899;-2.996.356
08/09/2026;Nuestra Señora;Andra Mari Eguna;Bermeo  ;Bermeo  ;Bizkaia;17.0;43.420.422;-2.722.158
29/06/2026;Fiesta local;Tokiko jai-eguna;Berriatua  ;Berriatua  ;Bizkaia;18.0;43.316.667;-2.466.667
29/06/2026;San Pedro;San Pedro;Berriz  ;Berriz  ;Bizkaia;19.0;43.193.923;-2.589.165
28/08/2026;Viernes de la Semana Grande;Aste Nagusiko Ostirala;Bilbao  ;Bilbao  ;Bizkaia;20.0;43.256.963;-2.923.441
10/07/2026;Santa Cristóbal;San Kristobal Eguna;Busturia  ;Busturia  ;Bizkaia;21.0;43.383;-2.697
15/05/2026;San Isidro Labrador;San Isidro Nekazariaren Eguna;Derio  ;Derio  ;Bizkaia;901.0;43.302;-2.881.833
29/06/2026;Fiesta local;Tokiko jai-eguna;Dima  ;Dima  ;Bizkaia;26.0;43.143.389;-2.751.464
13/10/2026;San Fausto;San Fausto Eguna;Durango;Durango;Bizkaia;27.0;43.169.068;-2.632.655
24/06/2026;Fiesta local;Tokiko jai-eguna;Ea  ;Ea  ;Bizkaia;28.0;43.380.135;-2.585.593
29/06/2026;Fiesta local;Tokiko jai-eguna;Elantxobe  ;Elantxobe  ;Bizkaia;31.0;43.403.422;-26.398
07/09/2026;Fiesta local;Tokiko jai-eguna;Elorrio  ;Elorrio  ;Bizkaia;32.0;43.130.387;-2.542.155
28/08/2026;San Agustín;Agustin Deuna;Erandio  ;Erandio  ;Bizkaia;902.0;43.307.458;-2.946.418
29/09/2026;San Miguel Arcángel;San Migel Goiaingerua;Ereño  ;Ereño  ;Bizkaia;33.0;43.356.944;-2.621.667
27/07/2026;Zezen eguna;Zezen eguna;Ermua  ;Ermua  ;Bizkaia;34.0;43.186.642;-2.502.607
24/08/2026;San Bartolomé;San Bartolome Eguna;Errigoiti;Errigoiti;Bizkaia;79.0;43.318.709;-2.725.344
28/12/2026;San Esteban;San Esteban Eguna;Etxebarri  ;Etxebarri  ;Bizkaia;29.0;43.247.179;-2.890.139
30/11/2026;San Andrés;San Andres Eguna;Etxebarria  ;Etxebarria  ;Bizkaia;30.0;43.254.146;-2.477.354
11/11/2026;San Martín;San Martin;Forua  ;Forua  ;Bizkaia;906.0;43.333.712;-2.678.589
06/08/2026;San Salvador;San Salvador eguna;Fruiz  ;Fruiz  ;Bizkaia;35.0;43.328.889;-2.783.333
14/09/2026;Exaltación de la Santa Cruz;Gurutze Santuaren Gorespena;Galdakao  ;Galdakao  ;Bizkaia;36.0;43.230.556;-2.845.833
29/06/2026;San Pedro;San Pedro Eguna;Galdames  ;Galdames  ;Bizkaia;37.0;43.255;-3.096.389
30/11/2026;San Andrés;San Andres;Gamiz-Fika  ;Gamiz-Fika  ;Bizkaia;38.0;43.311.728;-2.810.701
24/06/2026;San Juan;San Juan Eguna;Garai  ;Garai  ;Bizkaia;39.0;43.194.722;-2.609.722
24/08/2026;San Bartolomé;San Bartolome Deuna;Gatika  ;Gatika  ;Bizkaia;40.0;43.363.889;-2.871.944
26/01/2026;San Polikarpo;San Polikarpo;Gautegiz Arteaga;Gautegiz Arteaga;Bizkaia;41.0;43.353.104;-2.650.985
29/06/2026;San Pedro;San Pedro;Gernika-Lumo  ;Gernika-Lumo  ;Bizkaia;46.0;43.317.073;-2.678.975
24/09/2026;Las Mercedes;Las Mercedes Eguna;Getxo  ;Getxo  ;Bizkaia;44.0;43.344.167;-3.006.389
08/09/2026;Nuestra Señora;Andra Mari Eguna;Gizaburuaga;Gizaburuaga;Bizkaia;47.0;4.333.194;-2.536.111
28/09/2026;San Cosme y San Damián;San Kosme y San Damián eguna;Gordexola  ;Gordexola  ;Bizkaia;42.0;43.178.611;-3.072.778
05/08/2026;Nuestra Señora de Aguirre y de las Nieves;Agirre Andre Mariaren eta Elurretako Andre Mariaren Eguna;Gorliz  ;Gorliz  ;Bizkaia;43.0;43.416.667;-2.933.333
10/08/2026;San Lorenzo;San Lorentzo eguna;Güeñes  ;Güeñes  ;Bizkaia;45.0;43.210.321;-3.095.317
04/06/2026;Corpus Christi;Corpus Christi Eguna;Ibarrangelu;Ibarrangelu;Bizkaia;48.0;43.390.215;-2.633.802
12/06/2026;Fiesta local;Tokiko jai-eguna;Igorre;Igorre;Bizkaia;94.0;43.165.833;-2.776.111
29/09/2026;San Miguel;San Migel Eguna;Ispaster;Ispaster;Bizkaia;49.0;43.362.954;-2.544.635
29/09/2026;San Miguel;San Migel Eguna;Iurreta  ;Iurreta  ;Bizkaia;910.0;43.176.705;-2.633.777
08/09/2026;Erdoitzako Ama;Erdoitzako Amaren Eguna;Izurtza  ;Izurtza  ;Bizkaia;50.0;43.152.273;-2.641.978
18/09/2026;Virgen del Suceso;Arrakasta Oneko Andra Mari;Valle de Carranza;Karrantza Harana;Bizkaia;22.0;43.225.278;-3.359.444
27/07/2026;Fiesta local;Tokiko jai-eguna;Kortezubi  ;Kortezubi  ;Bizkaia;907.0;43.335.982;-2.654.319
05/08/2026;Ntra. Sra. de las Nieves;Elurretako Andra Mari;Lanestosa;Lanestosa;Bizkaia;51.0;43.221.169;-3.439.148
15/05/2026;Fiesta local;Tokiko jai-eguna;Larrabetzu;Larrabetzu;Bizkaia;52.0;43.260.973;-2.796.175
29/09/2026;San Miguel;San Migel;Laukiz;Laukiz;Bizkaia;53.0;43.353.333;-2.906.111
24/06/2026;Fiesta local;Tokiko jai-eguna;Leioa ;Leioa ;Bizkaia;54.0;43.326.097;-2.987.704
02/09/2026;San Antolín;San Antolin Eguna;Lekeitio;Lekeitio;Bizkaia;57.0;43.365.509;-2.503.344
08/09/2026;Andra Mari;Andra Mari;Lemoa;Lemoa;Bizkaia;55.0;43.208.759;-2.774.116
16/07/2026;Día del Carmen;Karmengo eguna;Lemoiz;Lemoiz;Bizkaia;56.0;43.413.244;-2.902.253
08/09/2026;Andra Mari;Andra Mari Eguna;Lezama;Lezama;Bizkaia;81.0;43.272.167;-2.832.167
29/06/2026;Festividad de San Pedro y Santa Lucía;San Pedro eta Santa Luzia Eguna;Loiu;Loiu;Bizkaia;903.0;43.315;-2.938.333
18/02/2026;Miércoles de Ceniza;Hauts Egun;Mallabia;Mallabia;Bizkaia;58.0;43.189.651;-2.529.969
21/10/2026;Sta. Úrsula;Sta. Ursula Eguna;Mañaria;Mañaria;Bizkaia;59.0;43.137.485;-2.661.135
16/07/2026;Día del Carmen;Karmen Eguna;Markina-Xemein;Markina-Xemein;Bizkaia;60.0;43.270.604;-2.497.155
10/08/2026;San Lorenzo;San Lorentzo Eguna;Maruri-Jatabe;Maruri-Jatabe;Bizkaia;61.0;43.382.772;-2.874.989
29/09/2026;San Miguel Arcángel;San Migel Goiaingerua;Mendata;Mendata;Bizkaia;62.0;43.283.333;-2.633.333
15/05/2026;San Isidro;San Isidro Eguna;Mendexa;Mendexa;Bizkaia;63.0;43.346.389;-2.483.333
17/08/2026;Fiesta local;Tokiko jai-eguna;Meñaka;Meñaka;Bizkaia;64.0;43.364.464;-2.801.795
30/07/2026;Fiesta local;Tokiko jai-eguna;Morga;Morga;Bizkaia;66.0;43.297.932;-2.752.739
29/06/2026;San Pedro;San Pedro;Mundaka;Mundaka;Bizkaia;68.0;43.407.335;-2.698.322
29/06/2026;Fiesta local;Tokiko jai-eguna;Mungia;Mungia;Bizkaia;69.0;4.335.441;-2.846.714
29/06/2026;San Pedro;San Pedro eguna;Munitibar-Arbatzegi Gerrikaitz;Munitibar-Arbatzegi Gerrikaitz;Bizkaia;7.0;43.265.332;-2.591.845
08/09/2026;Festividad de Andra Mari;Andra Mari Eguna;Murueta;Murueta;Bizkaia;908.0;43.354.463;-2.684.153
24/06/2026;Fiesta local;Tokiko jai-eguna;Muskiz;Muskiz;Bizkaia;71.0;43.323.333;-3.121.667
26/10/2026;Último Lunes de Octubre;Urriko Azken Astelehena;Muxika;Muxika;Bizkaia;67.0;43.289.668;-2.692.941
08/09/2026;Andra Mari;Andra Mari;Nabarniz;Nabarniz;Bizkaia;909.0;43.321.597;-25.844
17/08/2026;Andra Mari;Andra Mari;Ondarroa;Ondarroa;Bizkaia;73.0;43.320.698;-2.420.475
02/09/2026;San Antolín;San Antolin Eguna;Orozko;Orozko;Bizkaia;75.0;43.108.611;-2.911.111
18/05/2026;San Félix de Cantalicio;San Félix de Cantalicio Eguna;Ortuella;Ortuella;Bizkaia;83.0;4.331.137;-3.055.952
20/07/2026;Santa Marina;Santa Marina;Otxandio  ;Otxandio  ;Bizkaia;72.0;43.040.447;-2.654.584
22/07/2026;Festividad de la Magdalena;Magdalena Jaiak;Plentzia  ;Plentzia  ;Bizkaia;77.0;4.340.443;-2.950.102
01/07/2026;Virgen de la Guía;Virgen de la Guía;Portugalete  ;Portugalete  ;Bizkaia;78.0;43.320.664;-3.020.252
16/07/2026;Virgen del Carmen;Karmengo Amaren Eguna;Santurtzi  ;Santurtzi  ;Bizkaia;82.0;43.328.711;-3.031.772
29/06/2026;San Pedro Apóstol;San Pedro;Sestao  ;Sestao  ;Bizkaia;84.0;43.309.635;-300.694
24/06/2026;San Juan;San Juan Eguna;Sondika  ;Sondika  ;Bizkaia;904.0;43.300.063;-2.927.103
29/06/2026;San Pedro;San Pedro;Sopelana  ;Sopelana  ;Bizkaia;85.0;43.378.918;-2.983.002
08/09/2026;Natividad de Nuestra Señora;Andra Mari;Sopuerta  ;Sopuerta  ;Bizkaia;86.0;43.262.778;-31.525
30/11/2026;San Andrés;San Andres eguna;Sukarrieta  ;Sukarrieta  ;Bizkaia;76.0;43.395.342;-2.696.367
29/06/2026;San Pedro;San Pedro;Trucios-Turtzioz  ;Trucios-Turtzioz  ;Bizkaia;87.0;43.272.678;-3.288.545
24/06/2026;San Juan;San Juan;Ubide  ;Ubide  ;Bizkaia;88.0;43.026.832;-2.688.209
08/09/2026;Señora la Virgen de Udiarraga;Udiarraga Andra Mari;Ugao-Miraballes  ;Ugao-Miraballes  ;Bizkaia;65.0;43.179.989;-2.902.508
08/09/2026;Fiesta local;Tokiko jai-eguna;Urduliz  ;Urduliz  ;Bizkaia;89.0;43.379.667;-2.962
08/05/2026;Otxomaio;Otxomaio;Urduña-Orduña  ;Urduña-Orduña  ;Bizkaia;74.0;42.994.449;-3.009.622
30/11/2026;San Andrés;San Andres Eguna;Usansolo;Usansolo;Bizkaia;916.0;4.323.173;-284.004
06/08/2026;Transfiguración del Señor-día de San Salvador;Jainkoaren Itxuraldaketa Eguna-San Sabaltore Eguna;Valle de Trápaga-Trapagaran  ;Valle de Trápaga-Trapagaran  ;Bizkaia;80.0;43.303.108;-3.035.548
03/07/2026;Fiesta local;Tokiko jai-eguna;Zaldibar  ;Zaldibar  ;Bizkaia;95.0;4.317.097;-254.713
05/10/2026;Día de Gangas;Gangas Eguna;Zalla  ;Zalla  ;Bizkaia;96.0;43.214.009;-3.135.223
11/11/2026;San Martín;San Martín Eguna;Zamudio  ;Zamudio  ;Bizkaia;905.0;43.283.333;-2.866.667
10/08/2026;Fiesta local;Tokiko jai-eguna;Zaratamo  ;Zaratamo  ;Bizkaia;97.0;43.211.505;-2.873.626
15/05/2026;San Isidro;San Isidro Eguna;Zeanuri  ;Zeanuri  ;Bizkaia;24.0;43.099.664;-2.749.615
02/09/2026;San Antolín;San Antolin;Zeberio  ;Zeberio  ;Bizkaia;25.0;43.152.778;-2.852.778
15/10/2026;Día de la Independencia de Ziérbena;Zierbenako Independentziaren Eguna;Zierbena  ;Zierbena  ;Bizkaia;913.0;43.347.655;-3.086.152
24/06/2026;San Juan;San Juan Eguna;Ziortza-Bolibar  ;Ziortza-Bolibar  ;Bizkaia;915.0;4.324.982;-2.550.174
24/06/2026;San Juan;San Juan;Abaltzisketa  ;Abaltzisketa  ;Gipuzkoa;1.0;43.047.582;-2.105.388
14/08/2026;Andra Mari;Andra Mari;Aduna  ;Aduna  ;Gipuzkoa;2.0;43.203.792;-2.050.079
07/08/2026;Fiesta local;Tokiko jai-eguna;Aia  ;Aia  ;Gipuzkoa;16.0;43.236.922;-2.149.008
29/09/2026;San Miguel Arcángel;San Migel Goiaingerua;Aizarnazabal  ;Aizarnazabal  ;Gipuzkoa;3.0;43.255.405;-2.236.461
17/08/2026;Fiesta local;Tokiko jai-eguna;Albiztur  ;Albiztur  ;Gipuzkoa;4.0;43.129.723;-213.718
16/07/2026;Fiesta local;Tokiko jai-eguna;Alegia  ;Alegia  ;Gipuzkoa;5.0;43.100.017;-2.096.273
08/09/2026;Natividad de la Virgen;Ama birjinaren jaiotza;Alkiza  ;Alkiza  ;Gipuzkoa;6.0;43.172.434;-2.109.436
29/09/2026;Fiesta local;Tokiko jai-eguna;Altzaga  ;Altzaga  ;Gipuzkoa;906.0;4.306.449;-2.153.833
16/02/2026;Lunes de Carnaval;Inauterietako astelehena;Altzo  ;Altzo  ;Gipuzkoa;7.0;43.100.072;-2.083.905
24/08/2026;San Bartolomé;Bartolome Deuna;Amezketa  ;Amezketa  ;Gipuzkoa;8.0;43.044.517;-2.083.235
24/06/2026;San Juan;San Juan;Andoain  ;Andoain  ;Gipuzkoa;9.0;4.322.048;-2.021.122
04/06/2026;Corpus Christi;Korpüts eguna;Anoeta  ;Anoeta  ;Gipuzkoa;10.0;43.161.467;-2.070.695
17/07/2026;Fiesta local;Tokiko jai-eguna;Antzuola  ;Antzuola  ;Gipuzkoa;11.0;43.099.441;-2.381.747
11/11/2026;Fiesta local;Tokiko jai-eguna;Arama  ;Arama  ;Gipuzkoa;12.0;43.063.637;-2.165.558
14/08/2026;Fiesta local;Tokiko jai-eguna;Aretxabaleta  ;Aretxabaleta  ;Gipuzkoa;13.0;43.036.248;-2.504.542
24/06/2026;San Juan Bautista;San Juan Batalatzailea;Mondragón  ;Arrasate;Gipuzkoa;55.0;43.066.517;-2.487.562
29/06/2026;San Pedro;San Pedro;Asteasu  ;Asteasu  ;Gipuzkoa;14.0;43.195.198;-2.097.548
24/07/2026;Fiesta local;Tokiko jai-eguna;Astigarraga  ;Astigarraga  ;Gipuzkoa;903.0;43.280.652;-194.756
11/11/2026;San Martín;San Martin;Ataun  ;Ataun ;Gipuzkoa;15.0;4.300.548;-217.662
30/11/2026;San Andrés;San Andres;Azkoitia  ;Azkoitia  ;Gipuzkoa;17.0;43.178.205;-231.164
20/01/2026;San Sebastián;San Sebastian;Azpeitia  ;Azpeitia  ;Gipuzkoa;18.0;431.839;-2.265.466
14/08/2026;Fiesta local;Tokiko jai-eguna;Baliarrain  ;Baliarrain  ;Gipuzkoa;904.0;43.069.306;-2.129.235
18/05/2026;Fiesta local;Tokiko jai-eguna;Beasain  ;Beasain  ;Gipuzkoa;19.0;43.047.076;-2.204.605
29/06/2026;Fiesta local;Tokiko jai-eguna;Beizama  ;Beizama  ;Gipuzkoa;20.0;43.134.191;-2.200.113
24/06/2026;San Juan;San Juan;Belaunza  ;Belauntza  ;Gipuzkoa;21.0;43.135.283;-2.050.705
10/08/2026;San Lorenzo;San Lorentzo;Berastegi  ;Berastegi  ;Gipuzkoa;22.0;43.124.029;-1.979.426
16/09/2026;San Martín Aguirre;San Martin Agirre;Bergara  ;Bergara  ;Gipuzkoa;74.0;43.118.217;-2.413.358
28/08/2026;San Agustín;San Agustin;Berrobi  ;Berrobi  ;Gipuzkoa;23.0;43.145.479;-2.026.374
24/08/2026;San Bartolomé;Bartolome Deunaren;Bidania-Goiatz  - Bidania;Bidania-Goiatz  - Bidania;Gipuzkoa;24.0;43.139.399;-2.159.979
14/08/2026;Víspera de Andra Mari;Andra Mari Bezpera;Bidania-Goiatz  - Goiatz;Bidania-Goiatz  - Goiatz;Gipuzkoa;24.0;43.142.086;-2.167.475
17/08/2026;Fiesta local;Tokiko jai-eguna;Deba  ;Deba  ;Gipuzkoa;29.0;43.295.562;-2.353.894
20/01/2026;San Sebastián;San Sebastian;Donostia-San Sebastian  ;Donostia-San Sebastian  ;Gipuzkoa;69.0;43.321.874;-198.552
24/06/2026;San Juan;San Juan;Eibar  ;Eibar  ;Gipuzkoa;30.0;4.318.418;-2.473.289
08/09/2026;Fiesta local;Tokiko jai-eguna;Elduaien  ;Elduain  ;Gipuzkoa;31.0;43.140.712;-2.000.488
03/07/2026;Fiesta local;Tokiko jai-eguna;Elgeta  ;Elgeta  ;Gipuzkoa;33.0;43.136.572;-2.487.392
17/01/2026;San Antón;San Anton;Elgoibar  ;Elgoibar  ;Gipuzkoa;32.0;43.215.187;-2.415.702
22/07/2026;Día de la Magdalena;Madalena eguna;Errenteria  ;Errenteria  ;Gipuzkoa;67.0;43.312.752;-1.899.633
11/11/2026;Fiesta local;Tokiko jai-eguna;Errezil  ;Errezil  ;Gipuzkoa;66.0;43.164.674;-2.173.594
29/06/2026;Fiesta local;Tokiko jai-eguna;Eskoriatza  ;Eskoriatza  ;Gipuzkoa;34.0;43.017.074;-252.698
08/05/2026;S. Miguel;Mikel Deuna;Ezkio-Itsaso - Barrio Ezkio  ;Ezkio-Itsaso - Ezkio Auzoa;Gipuzkoa;35.0;43.058.055;-2.268.215
29/06/2026;San Pedro;San Pedro;Ezkio-Itsaso - Barrio Santa Luzia-Anduaga;Ezkio-Itsaso - Sta. Lutzi-Anduaga Auzoa;Gipuzkoa;35.0;43.080.484;-2.275.421
22/07/2026;M.ª Magdalena;Magdalena Donea;Ezkio-Itsaso - Barrio Itsaso-Alegia;Ezkio-Itsaso - Itsaso Auzoa;Gipuzkoa;35.0;43.072.544;-2.257.418
24/08/2026;San Bartolomé;Bartolome Deuna;Ezkio-Itsaso - Itsaso Centro;Ezkio-Itsaso - Itsaso Hiriburua;Gipuzkoa;35.0;43.072.544;-2.257.418
08/09/2026;Día de la Virgen de Kizkitza;Kizkitzako Ama Birjinaren eguna;Ezkio-Itsaso - Mendialdea;Ezkio-Itsaso - Mendialdea;Gipuzkoa;35.0;43.064.321;-2.274.735
17/08/2026;San Roque;San Roke;Gabiria  ;Gabiria  ;Gipuzkoa;38.0;43.049.689;-2.279.856
29/09/2026;Fiesta local;Tokiko jai-eguna;Gaintza  ;Gaintza  ;Gipuzkoa;37.0;43.052.629;-213.237
14/08/2026;Fiesta local;Tokiko jai-eguna;Gaztelu  ;Gaztelu  ;Gipuzkoa;907.0;43.116.579;-2.022.278
06/08/2026;San Salvador;Salbatore Deuna;Getaria  ;Getaria  ;Gipuzkoa;39.0;43.303.261;-2.204.363
24/06/2026;San Juan;San Juan;Hernani  ;Hernani  ;Gipuzkoa;40.0;43.267.549;-1.975.814
14/08/2026;Fiesta local;Tokiko jai-eguna;Hernialde  ;Hernialde  ;Gipuzkoa;41.0;43.154.467;-2.085.025
08/09/2026;Ntra. Sra. de Guadalupe;Ama Guadalupakoa;Hondarribia  ;Hondarribia  ;Gipuzkoa;36.0;43.362.531;-1.791.498
24/08/2026;Fiesta local;Tokiko jai-eguna;Ibarra  ;Ibarra  ;Gipuzkoa;42.0;43.132.345;-2.065.462
03/02/2026;Fiesta local;Tokiko jai-eguna;Idiazabal  ;Idiazabal  ;Gipuzkoa;43.0;43.011.782;-2.234.214
10/08/2026;San Lorenzo;San Lorentzo;Ikaztegieta  ;Ikaztegieta  ;Gipuzkoa;44.0;4.309.496;-21.239
30/06/2026;Fiesta local;Tokiko jai-eguna;Irun  ;Irun  ;Gipuzkoa;45.0;43.338.233;-1.789.272
29/09/2026;San Miguel;San Migel;Irura  ;Irura  ;Gipuzkoa;46.0;43.165.688;-2.069.616
18/09/2026;Fiesta local;Tokiko jai-eguna;Itsasondo  ;Itsasondo  ;Gipuzkoa;47.0;43.066.932;-2.167.393
03/08/2026;Fiesta local;Tokiko jai-eguna;Larraul  ;Larraul  ;Gipuzkoa;48.0;43.187.739;-2.102.534
29/06/2026;San Pedro;San Pedro;Lasarte-Oria  ;Lasarte-Oria;Gipuzkoa;902.0;43.267.455;-2.020.179
28/04/2026;San Prudencio;San Prudentzio;Lazkao  ;Lazkao  ;Gipuzkoa;49.0;43.034.324;-2.187.379
29/06/2026;San Pedro;San Pedro;Leaburu - Txarama;Leaburu - Txarama;Gipuzkoa;50.0;43.124.984;-2.052.106
04/05/2026;Día siguiente Santa Cruz;Gurutze Santuaren hurrengo eguna;Legazpi  ;Legazpi  ;Gipuzkoa;51.0;43.054.361;-2.333.641
14/05/2026;Fiesta local;Tokiko jai-eguna;Legorreta  ;Legorreta  ;Gipuzkoa;52.0;43.085.794;-2.150.909
08/09/2026;Festividad de la Virgen;Ama Birjinaren eguna;Leintz-Gatzaga  ;Leintz-Gatzaga  ;Gipuzkoa;68.0;42.987.112;-2.568.626
14/09/2026;Exaltación de la Santa Cruz;Gurutzea Gorapenaren Gorespena;Lezo  ;Lezo  ;Gipuzkoa;53.0;43.321.127;-1.898.775
08/09/2026;Virgen del Sagrario;Sagrarioko Ama Birjinaren eguna;Lizartza  ;Lizartza  ;Gipuzkoa;54.0;4.310.372;-2.034.254
27/07/2026;Día Siguiente Santa Ana;Santa Ana hurrengo eguna;Mendaro  ;Mendaro  ;Gipuzkoa;901.0;43.264.167;-23.755
29/06/2026;San Pedro;San Pedro;Mutiloa  ;Mutiloa  ;Gipuzkoa;57.0;4.302.238;-2.272.826
22/07/2026;Día de Magdalena;Maien eguna;Mutriku  ;Mutriku  ;Gipuzkoa;56.0;43.307.069;-2.385.083
03/08/2026;San Esteban ;Done Eztebe;Oiartzun  ;Oiartzun  ;Gipuzkoa;63.0;43.299.282;-1.857.874
24/06/2026;San Juan;San Juan;Olaberria  ;Olaberria  ;Gipuzkoa;58.0;43.027.075;-2.203.089
29/09/2026;San Miguel;San Migel;Oñati  ;Oñati  ;Gipuzkoa;59.0;43.032.888;-2.411.348
27/07/2026;Día siguiente a Santa Ana;Santa Ana biharamuna;Ordizia  ;Ordizia  ;Gipuzkoa;76.0;43.054.198;-2.178.115
20/01/2026;Fiesta local;Tokiko jai-eguna;Orendain  ;Orendain  ;Gipuzkoa;905.0;43.079.721;-211.429
04/05/2026;Fiesta local;Tokiko jai-eguna;Orexa  ;Orexa  ;Gipuzkoa;60.0;43.093.881;-2.011.392
29/06/2026;San Pedro;San Pedro;Orio  ;Orio  ;Gipuzkoa;61.0;43.278.323;-2.126.597
30/11/2026;Fiesta local;Tokiko jai-eguna;Ormaiztegi  ;Ormaiztegi  ;Gipuzkoa;62.0;43.042.735;-2.255.848
24/06/2026;San Juan;San Juan;Pasaia - P. Antxo  ;Pasaia - P. Antxo  ;Gipuzkoa;64.0;43.317.534;-1.917.562
29/06/2026;San Pedro;San Pedro;Pasaia - P. Donibane  ;Pasaia - P. Donibane  ;Gipuzkoa;64.0;43.327.481;-1.919.883
07/07/2026;San Fermín;San Fermin;Pasaia - P. San Pedro  ;Pasaia - P. San Pedro  ;Gipuzkoa;64.0;43.323.348;-1.930.432
16/07/2026;Karmengo Ama;Karmengo Ama;Pasaia - Trintxerpe  ;Pasaia - Trintxerpe  ;Gipuzkoa;64.0;43.326.138;-1.931.587
24/06/2026;San Juan;San Juan;Segura  ;Segura  ;Gipuzkoa;70.0;43.009.216;-2.252.519
17/08/2026;San Roke Txiki;San Roke Txiki;Soraluze-Placencia de las Armas;Soraluze-Placencia de las Armas;Gipuzkoa;65.0;4.317.543;-2.412.494
24/06/2026;San Juan;San Juan;Tolosa  ;Tolosa  ;Gipuzkoa;71.0;43.136.978;-2.073.914
29/09/2026;San Miguel;San Migel;Urnieta  ;Urnieta  ;Gipuzkoa;72.0;432.482;-1.990.517
21/09/2026;Santa Anastasia;Santa Anastasia;Urretxu  ;Urretxu  ;Gipuzkoa;77.0;43.092.282;-2.314.383
02/07/2026;Santixabel;Santixabel;Usurbil  ;Usurbil  ;Gipuzkoa;73.0;43.271.382;-2.049.934
11/11/2026;San Martín;San Martin;Villabona  ;Billabona  ;Gipuzkoa;75.0;43.189.944;-2.052.453
02/10/2026;Fiesta local;Tokiko jai-eguna;Zaldibia  ;Zaldibia  ;Gipuzkoa;78.0;43.037.964;-2.150.894
26/06/2026;San Pelaio;San Pelaio;Zarautz  ;Zarautz  ;Gipuzkoa;79.0;43.280.364;-2.171.588
25/05/2026;Lunes de Pentecostés;Mendekoste Astelehena;Zegama  ;Zegama  ;Gipuzkoa;25.0;42.975.677;-2.290.072
14/08/2026;Fiesta local;Tokiko jai-eguna;Zerain  ;Zerain  ;Gipuzkoa;26.0;43.012.119;-2.274.118
08/09/2026;Día de la Virgen;Ama Birjin eguna;Zestoa  ;Zestoa  ;Gipuzkoa;27.0;43.239.442;-2.258.113
09/09/2026;Fiesta local;Tokiko jai-eguna;Zizurkil  ;Zizurkil  ;Gipuzkoa;28.0;43.199.523;-2.074.073
29/06/2026;San Pedro;San Pedro;Zumaia  ;Zumaia  ;Gipuzkoa;81.0;43.297.258;-2.256.848
02/07/2026;Santa Isabel;Santa Isabel;Zumarraga  ;Zumarraga  ;Gipuzkoa;80.0;43.090.476;-231.322
24/06/2026;San Juan;Jon Deuna;Salvatierra  ;Agurain;Álava - Araba;51.0;42.852.442;-2.389.455
27/07/2026;Santiago;Done Jakue;Ayala - Agiñaga;Aiara - Agiñaga;Álava - Araba;10.0;4.303.508;-3.071.144
21/05/2026;San Ramiro;San Ramiro;Ayala - Añes  ;Aiara - Añes  ;Álava - Araba;10.0;43.058.414;-3.132.924
15/05/2026;San Isidro;San Isidro;Ayala - Respaldiza  ;Aiara - Arespalditza  ;Álava - Araba;10.0;43.078.065;-3.042.931
29/09/2026;San Miguel;San Miguel;Ayala - Beotegi  ;Aiara - Beotegi  ;Álava - Araba;10.0;4.308.866;-3.075.259
04/05/2026;La Cruz;Gurutzea;Ayala - Erbi  ;Aiara - Erbi  ;Álava - Araba;10.0;43.074.143;-3.111.819
08/05/2026;Nuestra Señora de la Antigua;Antiguako Ama;Ayala - Etxegoien  ;Aiara - Etxegoien  ;Álava - Araba;10.0;43.043.726;-302.107
07/01/2026;San Julián;Done Julian;Ayala - Izoria  ;Aiara - Izoria  ;Álava - Araba;10.0;43.061.416;-3.036.324
05/08/2026;Las Nieves;Elurretako Andra Maria;Ayala - Quejana  ;Aiara - Kexaa;Álava - Araba;10.0;43.081.485;-3.063.094
09/12/2026;La Inmaculada;Sortzez Garbiaren eguna;Ayala - Lejarzo  ;Aiara - Lexartzu;Álava - Araba;10.0;43.060.158;-3.122.923
27/07/2026;Santiago;Done Jakue;Ayala - Llanteno  ;Aiara - Llanteno  ;Álava - Araba;10.0;43.091.803;-3.099.984
22/07/2026;La Magdalena;Magdalena eguna;Ayala - Luiaondo  ;Aiara - Luiaondo  ;Álava - Araba;10.0;43.102.723;-2.997.211
17/08/2026;La Asunción;Jasokundearen eguna;Ayala - Lujo  ;Aiara - Luxo  ;Álava - Araba;10.0;43.077.952;-3.096.407
23/11/2026;San Clemente;San Klemente;Ayala - Madaria  ;Aiara - Madaria  ;Álava - Araba;10.0;4.304.389;-3.085.953
17/01/2026;San Antón;San Anton;Ayala - Maroño  ;Aiara - Maroño  ;Álava - Araba;10.0;43.055.065;-305.901
29/06/2026;San Pedro;Done Petri;Ayala - Menagarai  ;Aiara - Menagarai  ;Álava - Araba;10.0;43.096.299;-3.072.769
25/04/2026;San Marcos;San Marko;Ayala - Menoio  ;Aiara - Menoio  ;Álava - Araba;10.0;43.069.585;-3.072.926
24/06/2026;San Juan;Jon Deuna;Ayala - Murga  ;Aiara - Murga  ;Álava - Araba;10.0;43.075.372;-302.559
24/01/2026;San Babilás;San Babilas;Ayala - Olabezar  ;Aiara - Olabezar  ;Álava - Araba;10.0;43.069.997;-3.014.813
29/09/2026;San Miguel;San Miguel;Ayala - Costera  ;Aiara - Opellora;Álava - Araba;10.0;43.102.599;-3.103.772
08/10/2026;Nuestra Señora del Rosario;Errosarioko Andra Maria;Ayala - Ozeka  ;Aiara - Ozeka  ;Álava - Araba;10.0;43.070.824;-3.090.905
22/07/2026;La Magdalena;Magdalena eguna;Ayala - Retes de Llanteno  ;Aiara - Retes de Llanteno  ;Álava - Araba;10.0;43.091.803;-3.099.984
18/07/2026;Santa Marina;Dona Marina;Ayala - Salmantón  ;Aiara - Salmanton  ;Álava - Araba;10.0;43.052.629;-3.088.347
31/08/2026;San Emeterio;Done Meteri;Ayala - Sojo  ;Aiara - Soxo  ;Álava - Araba;10.0;4.309.073;-3.122.839
18/07/2026;Santa Marina;Dona Marina;Ayala - Zuaza  ;Aiara - Zuhatza  ;Álava - Araba;10.0;43.099.672;-3.049.447
03/02/2026;San Blas;Done Bladi;Alegría-Dulantzi;Alegría-Dulantzi;Álava - Araba;1.0;42.841.035;-2.512.684
17/08/2026;Fiesta local;Tokiko jai-eguna;Amurrio;Amurrio;Álava - Araba;2.0;43.057.875;-2.998.775
10/07/2026;San Cristóbal;Done Kristobal;Añana  ;Añana  ;Álava - Araba;49.0;42.802.352;-2.982.607
06/07/2026;Fiesta local;Tokiko jai-eguna;Aramaio  ;Aramaio  ;Álava - Araba;3.0;43.054;-2.566
15/05/2026;San Isidro Labrador;San Isidro Nekazaria;Armiñón  ;Armiñón  ;Álava - Araba;6.0;42.723.045;-2.872.574
22/06/2026;San Adrián;San Adrian;Arraia-Maeztu  ;Arraia-Maeztu  ;Álava - Araba;37.0;42.739.815;-244.598
28/12/2026;Fiesta local;Tokiko jai-eguna;Arrazua-Ubarrundia  ;Arratzua-Ubarrundia;Álava - Araba;8.0;42.890.278;-2.639.167
08/09/2026;Virgen de la Encina;Arteako Andra Maria;Artziniega  ;Artziniega  ;Álava - Araba;4.0;43.122.201;-3.128.209
29/06/2026;San Pedro;Done Petri;Asparrena  ;Asparrena  ;Álava - Araba;9.0;42.895.667;-2.321
24/06/2026;San Juan;Jon Deuna;Barrundia  ;Barrundia  ;Álava - Araba;13.0;42.916.667;-2.491.667
30/11/2026;2º día de Acción de Gracias;Esker Oneko 2. Eguna;Labastida  ;Bastida;Álava - Araba;28.0;42.590.459;-2.792.991
08/09/2026;Asunción de Nuestra Señora;Jasokundearen eguna;Berantevilla  ;Berantevilla  ;Álava - Araba;14.0;4.268.245;-2.860.401
08/09/2026;Fiesta local;Tokiko jai-eguna;Bernedo  ;Bernedo  ;Álava - Araba;16.0;42.626.684;-2.497.532
15/05/2026;San Isidro;San Isidro;Elvillar;Bilar;Álava - Araba;23.0;42.570.497;-2.544.915
29/06/2026;San Pedro;Done Petri;Elburgo  ;Burgelu;Álava - Araba;21.0;42.849.564;-2.544.762
12/11/2026;San Millán;Done Milian;San Millán;Donemiliaga;Álava - Araba;53.0;42.874.722;-2.376.111
08/09/2026;Virgen de la Plaza;Plazako Andra Maria;Elciego  ;Elciego  ;Álava - Araba;22.0;42.515.073;-2.618.277
31/08/2026;Fiesta local;Tokiko jai-eguna;Ribera Baja  ;Erribera Beitia;Álava - Araba;47.0;42.719.678;-2.907.609
15/05/2026;San Isidro Labrador;San Isidro Nekazaria;Ribera Alta  ;Erribera Goitia;Álava - Araba;46.0;42.807.222;-29.175
15/05/2026;San Torcuato;San Torcuato;Villabuena de Álava  ;Eskuernaga;Álava - Araba;57.0;42.548.717;-2.665.456
15/05/2026;Fiesta local;Tokiko jai-eguna;Valdegovía  ;Gaubea;Álava - Araba;55.0;42.85;-3.1
15/05/2026;San Isidro Labrador;San Isidro Nekazaria;Valle de Arana;Harana;Álava - Araba;56.0;42.752.731;-2.312.303
21/08/2026;Nuestra Señora de Bercijana;Berzijanako Andra Maria;Yécora;Ikeora;Álava - Araba;60.0;42.569.303;-2.470.064
17/08/2026;Fiesta local;Tokiko jai-eguna;Iruña de Oca - Nanclares de la Oca;Iruña Oka - Langraiz Oka;Álava - Araba;901.0;42.817.197;-2.811.518
24/06/2026;San Juan;Jon Deuna;Iruraiz-Gauna  ;Iruraiz-Gauna  ;Álava - Araba;27.0;42.822.072;-2.495.043
15/05/2026;San Isidro;San Isidro;Campezo  ;Kanpezu;Álava - Araba;17.0;42.691.944;-2.37
08/09/2026;Día de la Virgen;Andra Maria;Cripan;Kripan  ;Álava - Araba;19.0;42.591.666;-2.516.079
24/06/2026;Fiesta local;Tokiko jai-eguna;Kuartango  ;Kuartango  ;Álava - Araba;20.0;42.871.389;-2.885.556
24/08/2026;San Bartolomé;Done Bartolome;Lagrán  ;Lagrán  ;Álava - Araba;30.0;42.626.395;-258.382
24/06/2026;Fiesta local;Tokiko jai-eguna;Laguardia  ;Laguardia  ;Álava - Araba;31.0;42.554.278;-2.584.237
16/09/2026;Fiesta Local de Lantarón;Lantarongo Jaieguna;Lantarón  ;Lantarón  ;Álava - Araba;902.0;42.756.673;-2.987.556
08/09/2026;La Virgen del Campo;Landako Andra Maria;Lanciego  ;Lantziego  ;Álava - Araba;32.0;42.562.619;-2.513.204
24/08/2026;Fiesta local;Tokiko jai-eguna;Lapuebla de Labarca  ;Lapuebla de Labarca  ;Álava - Araba;33.0;42.493.969;-2.573.024
17/08/2026;Fiesta local;Tokiko jai-eguna;Llodio  ;Laudio;Álava - Araba;36.0;43.143.333;-2.962.985
14/09/2026;Fiesta local;Tokiko jai-eguna;Legutio;Legutio;Álava - Araba;58.0;42.977.822;-2.642.724
17/08/2026;San Roque;San Roke;Leza  ;Leza  ;Álava - Araba;34.0;42.566.068;-2.633.635
10/07/2026;San Cristóbal;Done Kristobal;Baños de Ebro  ;Mañueta;Álava - Araba;11.0;4.253.029;-2.679.144
22/10/2026;Las Virgenillas;Las Virgenillas;Moreda de Álava;Moreda Araba;Álava - Araba;39.0;42.528.016;-240.767
02/06/2026;San Juan de Ortega;Ortegako Jon Deuna;Navaridas  ;Nabaridas  ;Álava - Araba;41.0;42.545.171;-2.624.532
24/08/2026;San Bartolomé;Done Bartolome;Okondo  ;Okondo  ;Álava - Araba;42.0;43.162.222;-3.018.889
22/01/2026;San Vicente y San Anastasio;Bikendi eta Anastasi Santuak;Oyón-Oion;Oyón-Oion;Álava - Araba;43.0;42.506.137;-2.436.965
15/05/2026;San Isidro Labrador;San Isidro Nekazaria;Peñacerrada-Urizaharra;Peñacerrada-Urizaharra;Álava - Araba;44.0;42.644.095;-2.713.374
08/09/2026;Nuestra Señora Virgen del Valle;Haranako Andra Maria;Samaniego  ;Samaniego  ;Álava - Araba;52.0;42.569.832;-2.680.185
05/10/2026;Fiesta local;Tokiko jai-eguna;Urkabustaiz  ;Urkabustaiz  ;Álava - Araba;54.0;42.971.944;-2.922.222
05/08/2026;Virgen Blanca;Andre Maria Zuria;Vitoria-Gasteiz  ;Vitoria-Gasteiz  ;Álava - Araba;59.0;42.846.406;-2.667.893
13/06/2026;Fiestas de Zalduondo;Zalduondoko Jaiak;Zalduondo  ;Zalduondo  ;Álava - Araba;61.0;42.885.626;-2.347.254
05/08/2026;Fiesta local;Tokiko jai-eguna;Zambrana  ;Zambrana  ;Álava - Araba;62.0;42.659.981;-2.879.353
05/08/2026;Fiesta local;Tokiko jai-eguna;Zigoitia  ;Zigoitia  ;Álava - Araba;18.0;429.682;-27.183
29/09/2026;San Miguel;San Miguel;Zuia  ;Zuia  ;Álava - Araba;63.0;42.981.667;-2.844
